{"cameraMode":{"drawMode":0,"name":"Shaded","section":"Shading Mode"},"sceneLighting":true,"audioPlay":false,"sceneViewState":{"m_AlwaysRefresh":false,"showFog":true,"showSkybox":true,"showFlares":true,"showImageEffects":true,"showParticleSystems":true,"showVisualEffectGraphs":true,"m_FxEnabled":true},"in2DMode":false,"pivot":{"x":-3.5416171550750734,"y":1.0260798931121827,"z":1.4808716773986817},"rotation":{"x":-0.015989966690540315,"y":-0.9761638045310974,"z":0.2022617757320404,"w":-0.07717426121234894},"size":2.3884506225585939,"orthographic":false}